FileName,FileTime,Integration time,Analog gain,Digital gain,AE Mean,AEConverged
A35D8D40.JPG,2026-06-20 00:03:32,66,1,66,72,Y
A35D8D50.JPG,2026-06-20 00:03:33,164,0,64,75,Y
A35DC3A0.JPG,2026-06-20 00:18:02,155,0,64,68,Y
A35DF9E0.JPG,2026-06-20 00:32:30,155,0,64,79,Y
A35E3030.JPG,2026-06-20 00:46:59,144,0,64,71,Y
A35E6680.JPG,2026-06-20 01:01:28,188,0,64,74,Y
A35E9CC0.JPG,2026-06-20 01:15:56,188,0,65,80,Y
A35ED310.JPG,2026-06-20 01:30:25,188,0,64,78,Y
A35F0960.JPG,2026-06-20 01:44:54,188,0,64,84,Y
A35F3FA0.JPG,2026-06-20 01:59:22,188,0,64,67,Y
A38544F0.JPG,2026-06-21 21:14:55,66,3,64,70,Y
A3855BB0.JPG,2026-06-21 21:20:59,66,0,66,73,Y
A3855BC0.JPG,2026-06-21 21:21:00,13,0,64,70,Y
A38591A0.JPG,2026-06-21 21:35:22,10,0,64,74,Y
A385C770.JPG,2026-06-21 21:49:43,12,0,64,68,Y
A385FD50.JPG,2026-06-21 22:04:05,15,0,64,71,Y
A3863320.JPG,2026-06-21 22:18:26,15,0,64,75,Y
A38668F0.JPG,2026-06-21 22:32:47,15,0,64,82,Y
A3869ED0.JPG,2026-06-21 22:47:09,12,0,64,72,Y
A386D4A0.JPG,2026-06-21 23:01:30,12,0,64,85,Y
A3870A80.JPG,2026-06-21 23:15:52,9,0,64,67,Y
A3874060.JPG,2026-06-21 23:30:14,9,0,64,75,Y
A3877630.JPG,2026-06-21 23:44:35,9,0,64,82,Y
A387AC10.JPG,2026-06-21 23:58:57,9,0,64,88,Y
A387E1F0.JPG,2026-06-22 00:13:19,8,0,64,77,Y
A38817E0.JPG,2026-06-22 00:27:42,8,0,64,85,Y
A3884DC0.JPG,2026-06-22 00:42:04,6,0,64,77,Y
A38883B0.JPG,2026-06-22 00:56:27,3,0,64,81,Y
A388B9A0.JPG,2026-06-22 01:10:50,3,0,64,85,Y
A388EFB0.JPG,2026-06-22 01:25:15,3,0,64,88,Y
A38925D0.JPG,2026-06-22 01:39:41,2,0,65,76,Y
A3895C10.JPG,2026-06-22 01:54:09,2,0,65,78,Y
A3899240.JPG,2026-06-22 02:08:36,2,0,65,83,Y
A389C880.JPG,2026-06-22 02:23:04,2,0,65,82,Y
A389FED0.JPG,2026-06-22 02:37:33,2,0,64,74,Y
A38A3520.JPG,2026-06-22 02:52:02,2,0,64,70,Y
A38A6B60.JPG,2026-06-22 03:06:30,2,0,64,67,Y
A38AA1B0.JPG,2026-06-22 03:20:59,2,0,64,62,Y
A38AD800.JPG,2026-06-22 03:35:28,2,0,65,59,Y
A38B0E50.JPG,2026-06-22 03:49:57,2,0,65,56,Y
A38B44A0.JPG,2026-06-22 04:04:26,3,0,64,56,Y
A38B7AE0.JPG,2026-06-22 04:18:54,13,0,64,61,Y
A38BB120.JPG,2026-06-22 04:33:22,22,0,64,59,Y
A38BE720.JPG,2026-06-22 04:47:46,53,0,64,59,Y
A38C1D30.JPG,2026-06-22 05:02:11,178,0,64,60,Y
A38C8920.JPG,2026-06-22 05:30:58,376,2,67,58,Y
A38CBF10.JPG,2026-06-22 05:45:21,376,4,192,52,N
A38CF500.JPG,2026-06-22 05:59:44,376,4,192,6,N
A38D2AF0.JPG,2026-06-22 06:14:07,376,4,192,3,N
A38D60E0.JPG,2026-06-22 06:28:30,376,4,192,3,N
A38D96C0.JPG,2026-06-22 06:42:52,376,4,192,3,N
A38DCCA0.JPG,2026-06-22 06:57:14,376,4,192,3,N
A38E0280.JPG,2026-06-22 07:11:36,376,4,192,3,N
A38E3860.JPG,2026-06-22 07:25:58,376,4,192,2,N
A38E6E40.JPG,2026-06-22 07:40:20,376,4,192,2,N
A38EA420.JPG,2026-06-22 07:54:42,376,4,192,2,N
A38EDA00.JPG,2026-06-22 08:09:04,376,4,192,2,N
A38F0FD0.JPG,2026-06-22 08:23:25,376,4,192,2,N
A38F45B0.JPG,2026-06-22 08:37:47,376,4,129,81,Y
A38F7B90.JPG,2026-06-22 08:52:09,376,4,192,18,N
A38FB160.JPG,2026-06-22 09:06:30,376,4,192,18,N
A38FE740.JPG,2026-06-22 09:20:52,376,4,192,17,N
A3901D10.JPG,2026-06-22 09:35:13,376,4,192,20,N
A39052E0.JPG,2026-06-22 09:49:34,376,4,192,21,N
A39088C0.JPG,2026-06-22 10:03:56,376,4,192,12,N
A390BE90.JPG,2026-06-22 10:18:17,376,4,192,12,N
A390F470.JPG,2026-06-22 10:32:39,376,4,192,11,N
A3912A40.JPG,2026-06-22 10:47:00,376,4,192,11,N
A3916020.JPG,2026-06-22 11:01:22,376,4,192,9,N
A39195F0.JPG,2026-06-22 11:15:43,376,4,192,3,N
A391CBC0.JPG,2026-06-22 11:30:04,376,4,192,2,N
A39201A0.JPG,2026-06-22 11:44:26,376,4,192,2,N
A3923770.JPG,2026-06-22 11:58:47,376,4,192,2,N
A3926D40.JPG,2026-06-22 12:13:08,376,4,192,2,N
A392A300.JPG,2026-06-22 12:27:28,376,4,192,2,N
A392D8D0.JPG,2026-06-22 12:41:49,376,4,192,2,N
A3930EA0.JPG,2026-06-22 12:56:10,376,4,192,2,N
A3934480.JPG,2026-06-22 13:10:32,376,4,192,2,N
A3937A50.JPG,2026-06-22 13:24:53,376,4,192,2,N
A393B020.JPG,2026-06-22 13:39:14,376,4,192,2,N
A393E5F0.JPG,2026-06-22 13:53:35,376,4,192,2,N
A3941BC0.JPG,2026-06-22 14:07:56,376,4,192,2,N
A39451A0.JPG,2026-06-22 14:22:18,376,4,192,2,N
A3948770.JPG,2026-06-22 14:36:39,376,4,192,2,N
A394BD40.JPG,2026-06-22 14:51:00,376,4,192,2,N
A394F310.JPG,2026-06-22 15:05:21,376,4,192,2,N
A39528D0.JPG,2026-06-22 15:19:41,376,4,192,2,N
A3955EA0.JPG,2026-06-22 15:34:02,376,4,192,2,N
A3959480.JPG,2026-06-22 15:48:24,376,4,192,2,N
A395CA50.JPG,2026-06-22 16:02:45,376,4,192,2,N
A3960020.JPG,2026-06-22 16:17:06,376,4,192,9,N
A39635F0.JPG,2026-06-22 16:31:27,376,4,192,2,N
A3966BC0.JPG,2026-06-22 16:45:48,376,4,192,2,N
A396A190.JPG,2026-06-22 17:00:09,376,4,192,2,N
A396D760.JPG,2026-06-22 17:14:30,376,4,192,2,N
A3970D30.JPG,2026-06-22 17:28:51,376,4,192,2,N
A3974300.JPG,2026-06-22 17:43:12,376,4,192,2,N
A39778D0.JPG,2026-06-22 17:57:33,376,4,192,2,N
A397AEA0.JPG,2026-06-22 18:11:54,376,4,192,2,N
A397E470.JPG,2026-06-22 18:26:15,376,4,192,2,N
A3981A40.JPG,2026-06-22 18:40:36,376,4,192,3,N
A3985010.JPG,2026-06-22 18:54:57,376,4,192,13,N
A39885E0.JPG,2026-06-22 19:09:18,376,3,66,82,Y
A398BBB0.JPG,2026-06-22 19:23:39,376,1,67,76,Y
A398BBC0.JPG,2026-06-22 19:23:40,188,0,66,67,Y
A398F190.JPG,2026-06-22 19:38:01,118,0,64,84,Y
A3992760.JPG,2026-06-22 19:52:22,70,0,64,86,Y
A3995D30.JPG,2026-06-22 20:06:43,42,0,64,86,Y
A3999300.JPG,2026-06-22 20:21:04,33,0,64,85,Y
A399C8D0.JPG,2026-06-22 20:35:25,20,0,64,61,Y
A399FEA0.JPG,2026-06-22 20:49:46,16,0,64,60,Y
A39A3460.JPG,2026-06-22 21:04:06,16,0,64,85,Y
A39A6A40.JPG,2026-06-22 21:18:28,12,0,64,67,Y
A39AA010.JPG,2026-06-22 21:32:49,12,0,64,64,Y
A39AD5F0.JPG,2026-06-22 21:47:11,9,0,64,68,Y
A39B0BC0.JPG,2026-06-22 22:01:32,8,0,64,70,Y
A39B41A0.JPG,2026-06-22 22:15:54,7,0,64,64,Y
A39B7780.JPG,2026-06-22 22:30:16,7,0,64,72,Y
A39BAD60.JPG,2026-06-22 22:44:38,8,0,64,77,Y
A39BE340.JPG,2026-06-22 22:59:00,8,0,64,73,Y
A39C1920.JPG,2026-06-22 23:13:22,7,0,64,76,Y
A39C4F00.JPG,2026-06-22 23:27:44,7,0,64,85,Y
A39C84E0.JPG,2026-06-22 23:42:06,11,0,64,61,Y
A39CBAC0.JPG,2026-06-22 23:56:28,12,0,64,89,N
A39CF0B0.JPG,2026-06-23 00:10:51,11,0,64,66,Y
A39D2690.JPG,2026-06-23 00:25:13,6,0,64,84,Y
A39D5C70.JPG,2026-06-23 00:39:35,4,0,64,76,Y
A39D9260.JPG,2026-06-23 00:53:58,3,0,64,67,Y
A39DC850.JPG,2026-06-23 01:08:21,4,0,64,69,Y
A39DFE40.JPG,2026-06-23 01:22:44,6,0,64,76,Y
A39E3430.JPG,2026-06-23 01:37:07,4,0,64,75,Y
A39E6A30.JPG,2026-06-23 01:51:31,3,0,65,59,Y
A39EA020.JPG,2026-06-23 02:05:54,2,0,65,60,Y
A39ED620.JPG,2026-06-23 02:20:18,4,0,64,58,Y
A39F0C20.JPG,2026-06-23 02:34:42,3,0,64,79,Y
A39F4220.JPG,2026-06-23 02:49:06,4,0,64,57,Y
A39F7820.JPG,2026-06-23 03:03:30,8,0,64,65,Y
A39FAE20.JPG,2026-06-23 03:17:54,28,0,64,65,Y
A39FE420.JPG,2026-06-23 03:32:18,39,0,64,72,Y
A3A01A10.JPG,2026-06-23 03:46:41,7,0,64,70,Y
A3A05000.JPG,2026-06-23 04:01:04,74,0,64,65,Y
A3A085F0.JPG,2026-06-23 04:15:27,47,0,64,60,Y
A3A0BBE0.JPG,2026-06-23 04:29:50,188,0,64,65,Y
A3A0F1C0.JPG,2026-06-23 04:44:12,154,0,64,68,Y
A3A15D80.JPG,2026-06-23 05:12:56,376,1,67,59,Y
A3A19360.JPG,2026-06-23 05:27:18,376,4,64,58,Y
A3A1C930.JPG,2026-06-23 05:41:39,376,4,130,60,Y
A3A1FF10.JPG,2026-06-23 05:56:01,376,4,192,17,N
A3A234F0.JPG,2026-06-23 06:10:23,376,4,192,26,N
A3A26AC0.JPG,2026-06-23 06:24:44,376,4,192,23,N
A3A2A0A0.JPG,2026-06-23 06:39:06,376,4,192,22,N
A3A2D680.JPG,2026-06-23 06:53:28,376,4,192,20,N
A3A30C50.JPG,2026-06-23 07:07:49,376,4,192,20,N
A3A34230.JPG,2026-06-23 07:22:11,376,4,192,20,N
A3A37810.JPG,2026-06-23 07:36:33,376,4,192,24,N
A3A3ADE0.JPG,2026-06-23 07:50:54,376,4,192,23,N
A3A3E3C0.JPG,2026-06-23 08:05:16,376,4,192,23,N
A3A41990.JPG,2026-06-23 08:19:37,376,4,192,23,N
A3A44F60.JPG,2026-06-23 08:33:58,376,4,192,23,N
A3A48530.JPG,2026-06-23 08:48:19,376,4,129,76,Y
A3A4BB10.JPG,2026-06-23 09:02:41,376,4,129,74,Y
A3A4F0E0.JPG,2026-06-23 09:17:02,376,4,192,8,N
A3A526C0.JPG,2026-06-23 09:31:24,376,4,192,7,N
A3A55C90.JPG,2026-06-23 09:45:45,376,4,192,8,N
A3A59270.JPG,2026-06-23 10:00:07,376,4,192,7,N
A3A5C840.JPG,2026-06-23 10:14:28,376,4,192,7,N
A3A5C850.JPG,2026-06-23 10:14:29,376,4,192,6,N
A3A633F0.JPG,2026-06-23 10:43:11,376,4,192,5,N
A3A669C0.JPG,2026-06-23 10:57:32,376,4,192,5,N
A3A69FA0.JPG,2026-06-23 11:11:54,376,4,192,3,N
A3A6D560.JPG,2026-06-23 11:26:14,376,4,192,2,N
A3A70B40.JPG,2026-06-23 11:40:36,376,4,192,2,N
A3A74110.JPG,2026-06-23 11:54:57,376,4,192,2,N
A3A776E0.JPG,2026-06-23 12:09:18,376,4,192,2,N
A3A7ACC0.JPG,2026-06-23 12:23:40,376,4,192,2,N
A3A7E290.JPG,2026-06-23 12:38:01,376,4,192,2,N
A3A81860.JPG,2026-06-23 12:52:22,376,4,192,2,N
A3A84E40.JPG,2026-06-23 13:06:44,376,4,192,3,N
A3A88410.JPG,2026-06-23 13:21:05,376,4,192,2,N
A3A8B9E0.JPG,2026-06-23 13:35:26,376,4,192,2,N
A3A8EFC0.JPG,2026-06-23 13:49:48,376,4,192,2,N
A3A92590.JPG,2026-06-23 14:04:09,376,4,192,2,N
A3A95B60.JPG,2026-06-23 14:18:30,376,4,192,2,N
A3A99130.JPG,2026-06-23 14:32:51,376,4,192,3,N
A3A9C700.JPG,2026-06-23 14:47:12,376,4,192,3,N
A3A9C710.JPG,2026-06-23 14:47:13,376,4,192,2,N
A3AA32B0.JPG,2026-06-23 15:15:55,376,4,192,2,N
A3AA6890.JPG,2026-06-23 15:30:17,376,4,192,2,N
A3AA9E60.JPG,2026-06-23 15:44:38,376,4,192,2,N
A3AAD430.JPG,2026-06-23 15:58:59,376,4,192,2,N
A3AB0A10.JPG,2026-06-23 16:13:21,376,4,192,3,N
A3AB3FE0.JPG,2026-06-23 16:27:42,376,4,192,3,N
A3AB75B0.JPG,2026-06-23 16:42:03,376,4,192,2,N
A3ABAB90.JPG,2026-06-23 16:56:25,376,4,192,3,N
A3ABE160.JPG,2026-06-23 17:10:46,376,4,192,3,N
A3AC1730.JPG,2026-06-23 17:25:07,376,4,192,3,N
A3AC4D00.JPG,2026-06-23 17:39:28,376,4,192,3,N
A3AC82D0.JPG,2026-06-23 17:53:49,376,4,192,2,N
A3ACB8A0.JPG,2026-06-23 18:08:10,376,4,192,3,N
A3ACEE80.JPG,2026-06-23 18:22:32,376,4,192,3,N
A3AD2450.JPG,2026-06-23 18:36:53,376,4,192,3,N
A3AD5A20.JPG,2026-06-23 18:51:14,376,4,192,11,N
A3AD8FF0.JPG,2026-06-23 19:05:35,376,4,131,74,Y
A3ADC5D0.JPG,2026-06-23 19:19:57,376,4,64,86,Y
A3ADFBA0.JPG,2026-06-23 19:34:18,376,2,66,74,Y
A3AE3170.JPG,2026-06-23 19:48:39,376,1,67,76,Y
A3AE6740.JPG,2026-06-23 20:03:00,376,0,65,86,Y
A3AE9D10.JPG,2026-06-23 20:17:21,376,0,67,75,Y
A3AED2E0.JPG,2026-06-23 20:31:42,376,0,64,65,Y
A3AF08B0.JPG,2026-06-23 20:46:03,376,0,64,80,Y
A3AF08C0.JPG,2026-06-23 20:46:04,188,0,64,82,Y
A3AF3EA0.JPG,2026-06-23 21:00:26,62,0,64,73,Y
A3AF7470.JPG,2026-06-23 21:14:47,66,0,64,59,Y
A3AFAA40.JPG,2026-06-23 21:29:08,81,0,64,65,Y
A3AFE020.JPG,2026-06-23 21:43:30,45,0,64,57,Y
A3B015F0.JPG,2026-06-23 21:57:51,25,0,64,73,Y
A3B04BC0.JPG,2026-06-23 22:12:12,20,0,64,72,Y
A3B081A0.JPG,2026-06-23 22:26:34,44,0,64,79,Y
A3B0B770.JPG,2026-06-23 22:40:55,48,0,64,67,Y
A3B0ED50.JPG,2026-06-23 22:55:17,62,0,64,63,Y
A3B12320.JPG,2026-06-23 23:09:38,55,0,64,83,Y
A3B158F0.JPG,2026-06-23 23:23:59,24,0,64,74,Y
A3B18ED0.JPG,2026-06-23 23:38:21,27,0,64,68,Y
A3B1C4A0.JPG,2026-06-23 23:52:42,57,0,64,74,Y
A3B1FA80.JPG,2026-06-24 00:07:04,45,0,64,73,Y
A3B23060.JPG,2026-06-24 00:21:26,35,0,64,69,Y
A3B26630.JPG,2026-06-24 00:35:47,138,0,64,57,Y
A3B2D1D0.JPG,2026-06-24 01:04:29,376,0,64,66,Y
A3B307B0.JPG,2026-06-24 01:18:51,376,0,64,70,Y
A3B33D80.JPG,2026-06-24 01:33:12,376,0,64,65,Y
A3B37360.JPG,2026-06-24 01:47:34,376,0,66,60,Y
A3B3A920.JPG,2026-06-24 02:01:54,376,0,67,73,Y
A3B3A930.JPG,2026-06-24 02:01:55,160,0,64,76,Y
A3B3DF10.JPG,2026-06-24 02:16:17,38,0,64,78,Y
A3B414E0.JPG,2026-06-24 02:30:38,37,0,64,66,Y
A3B44AB0.JPG,2026-06-24 02:44:59,188,0,64,70,Y
A3B48090.JPG,2026-06-24 02:59:21,78,0,64,75,Y
A3B4B660.JPG,2026-06-24 03:13:42,2,0,64,66,Y
A3B4EC40.JPG,2026-06-24 03:28:04,3,0,64,61,Y
A3B52240.JPG,2026-06-24 03:42:28,37,0,64,68,Y
A3B55830.JPG,2026-06-24 03:56:51,81,0,64,83,Y
A3B58E20.JPG,2026-06-24 04:11:14,83,0,64,66,Y
A3B5F9E0.JPG,2026-06-24 04:39:58,376,0,64,69,Y
A3B5F9F0.JPG,2026-06-24 04:39:59,107,0,64,57,Y
A3B66590.JPG,2026-06-24 05:08:41,376,1,64,72,Y
A3B69B70.JPG,2026-06-24 05:23:03,376,3,66,76,Y
A3B6D150.JPG,2026-06-24 05:37:25,376,4,66,61,Y
A3B70730.JPG,2026-06-24 05:51:47,376,4,192,12,N
A3B73D00.JPG,2026-06-24 06:06:08,376,4,192,9,N
A3B772E0.JPG,2026-06-24 06:20:30,376,4,192,13,N
A3B7A8B0.JPG,2026-06-24 06:34:51,376,4,192,15,N
A3B7DE90.JPG,2026-06-24 06:49:13,376,4,192,14,N
A3B81460.JPG,2026-06-24 07:03:34,376,4,192,14,N
A3B84A40.JPG,2026-06-24 07:17:56,376,4,192,15,N
A3B88010.JPG,2026-06-24 07:32:17,376,4,192,14,N
A3B8B5E0.JPG,2026-06-24 07:46:38,376,4,192,13,N
A3B8EBC0.JPG,2026-06-24 08:01:00,376,4,192,14,N
A3B92190.JPG,2026-06-24 08:15:21,376,4,192,13,N
A3B95760.JPG,2026-06-24 08:29:42,376,4,192,14,N
A3B98D40.JPG,2026-06-24 08:44:04,376,4,192,15,N
A3B9C310.JPG,2026-06-24 08:58:25,376,4,192,15,N
A3B9F8F0.JPG,2026-06-24 09:12:47,376,4,192,15,N
A3BA2EC0.JPG,2026-06-24 09:27:08,376,4,192,13,N
A3BA6490.JPG,2026-06-24 09:41:29,376,4,192,13,N
A3BA9A70.JPG,2026-06-24 09:55:51,376,4,192,8,N
A3BAD040.JPG,2026-06-24 10:10:12,376,4,192,9,N
A3BB0610.JPG,2026-06-24 10:24:33,376,4,192,9,N
A3BB3BE0.JPG,2026-06-24 10:38:54,376,4,192,7,N
A3BB71B0.JPG,2026-06-24 10:53:15,376,4,192,3,N
A3BBA790.JPG,2026-06-24 11:07:37,376,4,192,2,N
A3BBDD60.JPG,2026-06-24 11:21:58,376,4,192,2,N
A3BC1330.JPG,2026-06-24 11:36:19,376,4,192,2,N
A3BC4900.JPG,2026-06-24 11:50:40,376,4,192,2,N
A3BC7EE0.JPG,2026-06-24 12:05:02,376,4,192,2,N
A3BCB4B0.JPG,2026-06-24 12:19:23,376,4,192,2,N
A3BCEA80.JPG,2026-06-24 12:33:44,376,4,192,2,N
A3BD2050.JPG,2026-06-24 12:48:05,376,4,192,2,N
A3BD5630.JPG,2026-06-24 13:02:27,376,4,192,2,N
A3BD8C00.JPG,2026-06-24 13:16:48,376,4,192,2,N
A3BDC1D0.JPG,2026-06-24 13:31:09,376,4,192,2,N
A3BDF7A0.JPG,2026-06-24 13:45:30,376,4,192,2,N
A3BE2D70.JPG,2026-06-24 13:59:51,376,4,192,2,N
A3BE6350.JPG,2026-06-24 14:14:13,376,4,192,2,N
A3BE9920.JPG,2026-06-24 14:28:34,376,4,192,2,N
A3BECEF0.JPG,2026-06-24 14:42:55,376,4,192,2,N
A3BF04C0.JPG,2026-06-24 14:57:16,376,4,192,2,N
A3BF3A90.JPG,2026-06-24 15:11:37,376,4,192,2,N
A3BF7070.JPG,2026-06-24 15:25:59,376,4,192,0,N
A3BFA640.JPG,2026-06-24 15:40:20,376,4,192,1,N
A3BFDC10.JPG,2026-06-24 15:54:41,376,4,192,1,N
A3C011E0.JPG,2026-06-24 16:09:02,376,4,192,2,N
A3C047B0.JPG,2026-06-24 16:23:23,376,4,192,1,N
A3C07D80.JPG,2026-06-24 16:37:44,376,4,192,1,N
A3C0B350.JPG,2026-06-24 16:52:05,376,4,192,1,N
A3C0E930.JPG,2026-06-24 17:06:27,376,4,192,2,N
A3C11F00.JPG,2026-06-24 17:20:48,376,4,192,1,N
A3C154D0.JPG,2026-06-24 17:35:09,376,4,192,2,N
A3C18AA0.JPG,2026-06-24 17:49:30,376,4,192,2,N
A3C1C070.JPG,2026-06-24 18:03:51,376,4,192,2,N
A3C1F640.JPG,2026-06-24 18:18:12,376,4,192,2,N
A3C22C10.JPG,2026-06-24 18:32:33,376,4,192,2,N
A3C261E0.JPG,2026-06-24 18:46:54,376,4,192,3,N
A3C297B0.JPG,2026-06-24 19:01:15,376,4,192,18,N
